{"name":"sbt","version":"1.6.2","bspVersion":"2.0.0-M5","languages":["scala"],"argv":["C:\\Users\\79530\\AppData\\Local\\Coursier\\cache\\arc\\https\\github.com\\AdoptOpenJDK\\openjdk8-binaries\\releases\\download\\jdk8u292-b10\\OpenJDK8U-jdk_x64_windows_hotspot_8u292b10.zip\\jdk8u292-b10\\jre/bin/java","-Xms100m","-Xmx100m","-classpath","C:\\Users\\79530\\AppData\\Roaming\\JetBrains\\IdeaIC2022.1\\plugins\\Scala\\launcher\\sbt-launch.jar","xsbt.boot.Boot","-bsp","--sbt-launch-jar=C:\\Users\\79530\\AppData\\Roaming\\JetBrains\\IdeaIC2022.1\\plugins\\Scala\\launcher\\sbt-launch.jar"]}